{
  "crystals": [
    {
      "nombre": "MFE",
      "lote": 1,
      "losa": "2",
      "ton": 500.0,
      "K2SO4": 1.5,
      "B": 0.003,
      "NaCl": 1.5,
      "Mg": 0.06,
      "Na": 0.15,
      "SO4": 0.1,
      "Na2SO4": 0.01
    },
    {
      "nombre": "LDTP",
      "lote": 2,
      "losa": "3",
      "ton": 250.0,
      "K2SO4": 0.25,
      "B": 0.003,
      "NaCl": 2.5,
      "Mg": 2.5,
      "Na": 0.005,
      "SO4": 0.3,
      "Na2SO4": 0.01
    }
  ],
  "products": {
    "QROP PREMIUM": {
      "K2SO4": {
        "min": null,
        "max": 2.0
      },
      "B": {
        "min": null,
        "max": 0.006
      },
      "NaCl": {
        "min": null,
        "max": 1.5
      },
      "Mg": {
        "min": null,
        "max": 0.05
      },
      "Na": {
        "min": null,
        "max": 0.6
      },
      "SO4": {
        "min": null,
        "max": 1.25
      },
      "Na2SO4": {
        "min": null,
        "max": 0.14
      }
    }
  },
  "active_product": "QROP PREMIUM",
  "mix_dilucion": {
    "total_masa": 35,
    "law": {
      "K2SO4": 14.857142857142858,
      "B": 0.0025714285714285713,
      "NaCl": 1.8571428571428572,
      "Mg": 0.045714285714285714,
      "Na": 0.21428571428571427,
      "SO4": 0.03428571428571429,
      "Na2SO4": 0.6314285714285715
    },
    "streams": [
      {
        "nombre": "MFE - LOSA 2",
        "masa": 10
      },
      {
        "nombre": "LDTP - LOSA 3",
        "masa": 20
      },
      {
        "nombre": "SOP - LOSA 4",
        "masa": 5
      }
    ]
  }
}